{"CoinsCount":4,"BoughtGoodsIndexes":[0,1,2,3],"Deaths":58,"IsHaveGame":true,"Name":"ad​","MusicSettings":0.47446495294570925,"SoundsSettings":0.467168927192688}